{
  "Total" : {
    "transaction" : "Total",
    "sampleCount" : 25,
    "errorCount" : 0,
    "errorPct" : 0.0,
    "meanResTime" : 1484.6800000000005,
    "medianResTime" : 560.0,
    "minResTime" : 264.0,
    "maxResTime" : 5962.0,
    "pct1ResTime" : 5476.8,
    "pct2ResTime" : 5848.299999999999,
    "pct3ResTime" : 5962.0,
    "throughput" : 3.004446580939791,
    "receivedKBytesPerSec" : 79.8664054049994,
    "sentKBytesPerSec" : 0.3403474642470857
  },
  "HTTP Request" : {
    "transaction" : "HTTP Request",
    "sampleCount" : 25,
    "errorCount" : 0,
    "errorPct" : 0.0,
    "meanResTime" : 1484.6800000000005,
    "medianResTime" : 560.0,
    "minResTime" : 264.0,
    "maxResTime" : 5962.0,
    "pct1ResTime" : 5476.8,
    "pct2ResTime" : 5848.299999999999,
    "pct3ResTime" : 5962.0,
    "throughput" : 3.004446580939791,
    "receivedKBytesPerSec" : 79.8664054049994,
    "sentKBytesPerSec" : 0.3403474642470857
  }
}